institute_id,category,institute_name,intake_total_2022_23,student_strength_total,student_strength_male,student_strength_female,faculty_count,phd_students_fulltime,phd_students_parttime,phd_graduated_2022_23,placement_median_salary_inr,capital_expenditure_2022_23,operational_expenditure_2022_23,sponsored_projects_2022_23,sponsored_amount_2022_23,nirf_score,nirf_rank,scorecard_year
IR-G-C-45375,Agriculture,"National Institute of Food Technology, Entrepreneurship and Management",126,310,164,146,37,19.0,0.0,22.0,450000,36567183,223412651,22.0,21086478.0,58.76,13.0,2024
IR-G-U-0443,Agriculture,Annamalai University,940,3558,1872,1686,267,199.0,41.0,33.0,422300,4216236,682562083,4.0,14810500.0,47.3,38.0,2024
IR-G-U-0458,Agriculture,Kalasalingam Academy of Research and Education,120,480,221,259,33,0.0,0.0,0.0,312000,10612371,85389984,2.0,6572000.0,,,2024
IR-G-U-0485,Agriculture,Tamil Nadu Agricultural University,2793,8176,2894,5282,934,451.0,0.0,207.0,550000,302848363,6995769506,490.0,909105617.0,67.06,6.0,2024
IR-G-U-0487,Agriculture,Tamil Nadu Veterinary and Animal Sciences University,874,2855,1265,1590,662,36.0,0.0,20.0,900000,182646462,2904973616,201.0,524907984.0,52.91,26.0,2024
IR-G-U-0665,Agriculture,Tamil Nadu Dr.J.Jayalalithaa Fisheries University,226,705,297,408,93,103.0,21.0,11.0,450000,60536169,439541222,12.0,56631663.0,,,2024
IR-A-C-26794,Architecture,Thiagarajar College of Engineering,100,430,182,248,49,,,,450000,2426193,23454185,3.0,480000.0,52.56,33.0,2024
IR-A-U-0439,Architecture,Anna University,180,492,193,299,32,,,,480000,1052018,73936845,0.0,32214.0,54.6,28.0,2024
IR-A-U-0445,Architecture,B. S. Abdur Rahman Crescent Institute of Science and Technology,100,314,186,128,79,,,,456000,9712113,32300746,0.0,6689637.0,,,2024
IR-A-U-0461,Architecture,Dr. M. G. R. Educational and Research Institute,120,473,188,285,59,,,,740000,17714796,94573268,7.0,6395400.0,53.26,32.0,2024
IR-A-U-0467,Architecture,National Institute of Technology Tiruchirappalli,82,334,162,172,17,,,,600000,21369930,75043469,0.0,,64.3,9.0,2024
IR-A-U-0473,Architecture,S.R.M. Institute of Science and Technology,100,321,173,148,34,,,,800000,24528033,91179639,6.0,1683780.0,58.63,18.0,2024
IR-C-C-28526,College,Alagappa Government Arts College,1373,3843,1288,2555,183,,,,151000,458899,197359114,,,56.8,76.0,2024
IR-C-C-35787,College,"Holy Cross College, Tiruchirappalli",2203,5903,209,5819,312,,,,240000,35634347,328441138,,,59.47,52.0,2024
IR-C-C-35825,College,Bishop Heber College,5212,12826,7258,5568,624,,,,204000,71094101,717923977,,,60.18,46.0,2024
IR-C-C-35832,College,"Jamal Mohamed College, Tiruchirappalli",4473,10450,6656,3794,562,,,,202176,43879390,693972064,,,55.67,84.0,2024
IR-C-C-35848,College,Government Arts College,1650,4339,2592,1757,202,,,,198000,460000,460956000,,,57.3,71.0,2024
IR-C-C-35860,College,"St. Joseph's College, Tiruchirappalli",2867,7236,5959,1277,325,,,,450000,35195182,523625915,,,66.59,25.0,2024
IR-C-C-35868,College,Dhanalakshmi Srinivasan College of Arts and Science for Women,1321,2939,3271,3271,183,,,,450000,87050238,196936068,,,61.5,40.0,2024
IR-C-C-35878,College,National College,2153,4670,3661,1009,262,,,,244000,3624576,274330989,,,,,2024
IR-C-C-36411,College,Sacred Heart College (Autonomous),1988,4588,2832,1756,226,,,,204000,12172300,185296274,,,56.54,80.0,2024
IR-C-C-36502,College,Virudhunagar Hindu Nadars Senthikumara Nadar College,1594,3539,2118,1421,209,,,,180000,7174596,336589209,,,,,2024
IR-C-C-36513,College,Thiagarajar College,1822,5085,2267,2818,261,,,,226000,16226340,308246031,,,68.93,20.0,2024
IR-C-C-36547,College,The American College,3764,9599,6784,2814,498,,,,200880,44964745,458721267,,,58.12,59.0,2024
IR-C-C-36579,College,Ayya Nadar Janaki Ammal College,1870,4594,2561,2033,247,,,,180000,10877411,244627474,,,57.27,72.0,2024
IR-C-C-41035,College,Government Arts College,2365,6467,3935,2532,302,,,,340000,1294650,498966512,,,57.49,67.0,2024
IR-C-C-41042,College,Dr. S. N. S. Rajalakshmi College of Arts and Science,1680,4426,1630,2796,236,,,,272000,40024265,189187989,,,,,2024
IR-C-C-41046,College,PSGR Krishnammal College for Women,3040,6620,8222,8222,507,,,,400000,65716195,618988340,,,75.52,9.0,2024
IR-C-C-41054,College,Dr. N. G. P. Arts and Science College,3176,6793,3482,3311,412,58.0,134.0,4.0,300000,45486166,381683786,,,57.56,66.0,2024
IR-C-C-41100,College,Sri Ramakrishna College of Arts and Science,2410,6053,4077,1976,380,,,,415000,81398417,225128980,,,56.8,76.0,2024
IR-C-C-41106,College,Kongunadu Arts and Science College,2323,3826,1946,1880,266,,,,216000,8314779,264858823,,,,,2024
IR-C-C-41124,College,PSG College of Arts and Science,5041,12991,5884,7107,647,,,,500000,38374967,714656162,,,73.15,10.0,2024
IR-C-C-41126,College,Sri Krishna Arts and Science College,3220,8216,4159,4057,457,,,,450000,132050978,406476352,,,59.74,50.0,2024
IR-C-C-41140,College,A.P.C. Mahalaxmi College for Women,876,2143,2155,2155,142,,,,276000,13982469,96624755,,,55.44,88.0,2024
IR-C-C-41154,College,"Nesamony Memorial Christian College, Marthandam, Kanyakumari Dist.",1564,3611,1304,2307,200,,,,180000,5629764,229471851,,,57.67,63.0,2024
IR-C-C-41157,College,V.O. Chidambaram College,1168,3012,1692,1320,158,,,,275000,12101816,223792033,,,67.27,22.0,2024
IR-C-C-41173,College,"St. Xavier's College, Palayamkottai",1747,4299,2268,2031,220,,,,228000,12416403,287001103,,,60.16,48.0,2024
IR-C-C-41189,College,Scott Christian College,1341,3519,1794,1725,193,,,,246000,22749408,307158233,,,,,2024
IR-C-C-41191,College,Sadakathullah Appa College,1593,3560,2226,1334,192,,,,275000,35570822,268002632,,,,,2024
IR-C-C-43902,College,Ethiraj College for Women,3119,7525,7698,7698,360,,,,501840,48469510,463327411,,,57.64,64.0,2024
IR-C-C-43921,College,Presidency College,1864,4650,3053,1596,261,,,,216000,17857752,567272672,,,70.62,15.0,2024
IR-C-C-43931,College,Stella Maris College for Women,2501,4433,5886,5886,251,,,,400000,27071437,344397989,,,61.25,41.0,2024
IR-C-C-43946,College,Women`s Christian College,1879,3583,4421,4421,239,,,,430000,15955477,428151941,,,,,2024
IR-C-C-43964,College,Madras School of Social Work,431,875,284,591,65,,,,600000,26236840,86716546,,,58.9,55.0,2024
IR-C-C-43965,College,Madras Christian College,2628,6741,3362,3379,347,,,,350000,24882500,574862118,,,70.57,16.0,2024
IR-C-C-43998,College,Guru Nanak College,2925,7227,5589,1638,427,,,,300000,35058627,299290378,,,,,2024
IR-C-C-44006,College,Loyola College,3681,9294,8327,967,419,,,,459949,37656192,789491185,,,71.14,14.0,2024
IR-C-I-1293,College,Sri Ramakrishna Mission Vidyalaya College of Arts and Science,950,2079,2079,2079,123,,,,162000,3906943,165325324,,,54.66,94.0,2024
IR-C-N-6,College,Queen Mary`s College,1869,5199,5239,5239,245,,,,264000,5470854,635571924,,,57.68,62.0,2024
IR-N-C-45597,Dental,"Adhiparasakthi Dental College and Hospital, Kancheepuram",117,498,141,357,70,47.0,0.0,13.0,864000,20066524,219618067,9.0,450000.0,,,2024
IR-N-C-45605,Dental,Chettinad Dental College and Research Institute,123,569,143,426,67,0.0,0.0,0.0,600000,77496274,255959389,0.0,,54.9,32.0,2024
IR-N-I-1441,Dental,Saveetha Institute of Medical and Technical Sciences,151,660,206,454,84,59.0,10.0,7.0,696000,181728468,493704011,6.0,6627254.0,85.31,2.0,2024
IR-N-I-1486,Dental,Sri Ramachandra Institute of Higher Education and Research,138,528,127,401,86,118.0,30.0,38.0,1400000,29823208,580053100,37.0,20546845.0,61.28,13.0,2024
IR-N-N-352,Dental,SRM Dental College,154,663,166,497,87,4.0,4.0,0.0,510000,42743200,294175718,5.0,5762428.0,68.19,8.0,2024
IR-N-N-353,Dental,SRM Kattankulathur Dental College,118,512,172,340,56,55.0,23.0,18.0,1200000,24660296,198727936,3.0,15307873.0,52.88,39.0,2024
IR-N-U-0436,Dental,Amrita Vishwa Vidyapeetham,89,339,81,258,80,84.0,16.0,28.0,1700000,29419347,173187253,15.0,14810000.0,60.83,14.0,2024
IR-N-U-0461,Dental,Dr. M. G. R. Educational and Research Institute,134,543,108,435,115,29.0,18.0,12.0,1200000,30606549,204810684,9.0,9229833.0,55.08,30.0,2024
IR-N-U-0465,Dental,Meenakshi Academy of Higher Education and Research,147,620,122,498,156,47.0,18.0,29.0,740000,29140380,279740529,9.0,9654327.0,59.92,16.0,2024
IR-E-C-16604,Engineering,Sri Sivasubramaniya Nadar College of Engineering,1020,3631,2340,1291,298,261.0,244.0,38.0,600000,111918537,1190615105,54.0,19259753.0,56.08,47.0,2024
IR-E-C-36995,Engineering,Sri Krishna College of Engineering and Technology,1482,5101,3761,1340,346,18.0,155.0,2.0,600000,274936617,1081785593,14.0,4179419.0,45.55,100.0,2024
IR-E-C-37013,Engineering,PSG College of Technology,1855,5996,4082,1914,503,142.0,215.0,14.0,700000,93004000,886385294,8.0,10396141.0,50.64,67.0,2024
IR-E-I-1441,Engineering,Saveetha Institute of Medical and Technical Sciences,1500,5466,3566,1900,432,233.0,312.0,15.0,450000,137412563,730081040,9.0,81060217.0,56.55,45.0,2024
IR-E-U-0436,Engineering,Amrita Vishwa Vidyapeetham,3980,11936,9033,2903,1030,280.0,637.0,24.0,919600,1543884369,3439851542,63.0,814248017.0,62.46,23.0,2024
IR-E-U-0439,Engineering,Anna University,3830,9926,5979,3947,892,916.0,573.0,145.0,630000,259251911,3558749053,93.0,383628283.0,63.51,20.0,2024
IR-E-U-0456,Engineering,Indian Institute of Technology Madras,1810,6453,5203,1250,686,1798.0,200.0,289.0,1225000,5921681626,16075180614,794.0,9563110074.0,88.72,1.0,2025
IR-E-U-0458,Engineering,Kalasalingam Academy of Research and Education,1827,6276,3036,3240,455,407.0,106.0,89.0,700000,279659910,1544143494,25.0,22726594.0,59.03,33.0,2024
IR-E-U-0467,Engineering,National Institute of Technology Tiruchirappalli,1622,5411,4347,1064,305,720.0,236.0,102.0,1000000,498821827,2497165289,46.0,146347187.0,68.14,9.0,2024
IR-E-U-0473,Engineering,S.R.M. Institute of Science and Technology,6057,21219,13752,7467,1659,898.0,524.0,169.0,600000,909885485,6135140071,294.0,156143832.0,65.83,14.0,2024
IR-E-U-0474,Engineering,Sathyabama Institute of Science and Technology,2880,10894,6363,4531,1074,174.0,408.0,65.0,550000,792250608,1450571854,98.0,152546781.0,50.64,67.0,2024
IR-E-U-0476,Engineering,Shanmugha Arts Science Technology and Research Academy,2349,8381,4638,3743,677,397.0,132.0,130.0,550000,1019283591,1799478148,70.0,536455492.0,58.02,40.0,2024
IR-E-U-0489,Engineering,Vel Tech Rangarajan Dr. Sagunthala R & D Institute of Science and Technology,2580,9371,7703,1668,653,136.0,336.0,8.0,500000,59450809,905800022,20.0,42438893.0,47.43,87.0,2024
IR-E-U-0490,Engineering,Vellore Institute of Technology,10263,43299,32954,10345,3068,2448.0,490.0,145.0,700000,1204118819,6272768216,146.0,139097324.0,65.25,16.0,2024
IR-L-I-1441,Law,Saveetha Institute of Medical and Technical Sciences,240,1088,450,638,84,33.0,40.0,1.0,610000,13124285,176945315,201.0,11685855.0,60.9,19.0,2024
IR-L-U-0476,Law,Shanmugha Arts Science Technology and Research Academy,120,728,248,480,45,2.0,15.0,3.0,460000,122235895,113859585,3.0,3230000.0,65.29,11.0,2024
IR-M-C-36557,Management,Thiagarajar School of Management,240,480,295,185,41,5.0,4.0,0.0,600000,13401449,153748217,1.0,420000.0,48.05,80.0,2024
IR-M-C-37013,Management,PSG College of Technology,210,409,198,211,30,11.0,6.0,1.0,850000,7963556,79728244,3.0,1050000.0,47.38,84.0,2024
IR-M-I-1441,Management,Saveetha Institute of Medical and Technical Sciences,120,243,104,139,21,25.0,21.0,0.0,550000,6919665,77376823,0.0,,52.01,63.0,2024
IR-M-N-16,Management,Great Lakes Institute of Management,240,407,246,161,30,0.0,0.0,0.0,1450000,74574225,613273315,31.0,33936430.0,58.05,37.0,2024
IR-M-N-4,Management,Bharathidasan Institute of Management,120,240,162,78,16,0.0,0.0,0.0,1200000,31628663,117763052,15.0,2960000.0,45.36,96.0,2024
IR-M-S-331,Management,Loyola Institute of Business Administration,240,420,229,191,29,11.0,6.0,1.0,1000000,21280787,185712006,11.0,199000.0,53.12,55.0,2024
IR-M-S-8948,Management,Indian Institute of Management Tiruchirappalli,414,713,360,353,52,13.0,22.0,3.0,1860000,61362116,456295774,1.0,127500.0,64.95,16.0,2024
IR-M-U-0436,Management,Amrita Vishwa Vidyapeetham,360,819,445,374,57,20.0,98.0,0.0,810500,32093146,159339192,3.0,7880000.0,60.25,26.0,2024
IR-M-U-0439,Management,Anna University,100,168,103,65,17,17.0,10.0,4.0,800000,7729334,41620902,0.0,455625.0,46.92,88.0,2024
IR-M-U-0456,Management,Indian Institute of Technology Madras,96,152,104,48,32,84.0,23.0,15.0,2045668,88913936,363867744,9.0,25450815.0,66.5,13.0,2024
IR-M-U-0467,Management,National Institute of Technology Tiruchirappalli,115,187,120,67,14,32.0,17.0,3.0,870000,12363020,52843031,1.0,1412906.0,52.47,57.0,2024
IR-D-C-45515,Medical,PSG Institute of Medical Sciences and Research,329,1371,545,826,171,0.0,0.0,0.0,1580625,1070617803,3307514074,34.0,61298506.0,52.41,43.0,2025
IR-D-C-45654,Medical,Christian Medical College,335,1146,515,631,800,62.0,1.0,19.0,1210300,1570906139,25181918351,618.0,1312152227.0,76.48,3.0,2025
IR-D-C-49008,Medical,"Madras Medical College & Government General Hospital, Chennai",868,3086,1375,1711,763,16.0,11.0,5.0,1440000,7593109941,20761054602,467.0,2238621478.0,63.71,16.0,2025
IR-D-I-1441,Medical,Saveetha Institute of Medical and Technical Sciences,402,1513,644,869,241,40.0,15.0,2.0,1560000,226477780,2460207316,0.0,,66.5,11.0,2024
IR-D-I-1486,Medical,Sri Ramachandra Institute of Higher Education and Research,465,1835,740,1095,306,44.0,4.0,2.0,2100000,1094647125,4942472756,217.0,48814871.0,61.54,21.0,2024
IR-D-U-0436,Medical,Amrita Vishwa Vidyapeetham,311,1046,402,644,418,392.0,102.0,293.0,1200000,2187994551,3632073610,27.0,1175776326.0,68.52,9.0,2024
IR-D-U-0451,Medical,Chettinad Academy of Research and Education,534,1790,776,1014,236,213.0,398.0,131.0,1850000,830301402,2445054909,41.0,20730449.0,51.41,49.0,2025
IR-D-U-0473,Medical,S.R.M. Institute of Science and Technology,399,1293,596,697,286,54.0,29.0,5.0,1560000,315238508,2828547953,33.0,62980430.0,63.22,18.0,2024
IR-O-C-16604,Overall,Sri Sivasubramaniya Nadar College of Engineering,1182,3877,2462,1415,352,241.0,248.0,31.0,620000,141210832,1331096313,82.0,125391794.0,51.01,82.0,2025
IR-O-I-1357,Overall,University of Madras,1810,3384,1395,1989,340,1022.0,464.0,398.0,480000,520901000,1763876124,88.0,235105776.0,52.89,68.0,2025
IR-O-I-1441,Overall,Saveetha Institute of Medical and Technical Sciences,4954,13987,6546,7441,1129,658.0,849.0,127.0,1560000,714746416,5435031643,59.0,31051289.0,62.23,23.0,2025
IR-O-I-1486,Overall,Sri Ramachandra Institute of Higher Education and Research,2593,8635,3263,5372,651,177.0,257.0,12.0,820000,438215957,6381060104,299.0,582743692.0,,,2024
IR-O-U-0435,Overall,Alagappa University,1931,4051,1570,2481,382,731.0,725.0,80.0,120000,31376181,1171642255,41.0,166816254.0,52.27,73.0,2025
IR-O-U-0436,Overall,Amrita Vishwa Vidyapeetham,10007,26517,15669,10904,2104,1073.0,1236.0,243.0,600000,3589211123,10721614463,151.0,981189360.0,64.97,17.0,2025
IR-O-U-0439,Overall,Anna University,4257,11940,7096,4844,856,1157.0,652.0,148.0,750000,338446534,3886790974,98.0,224679428.0,60.06,29.0,2025
IR-O-U-0446,Overall,Bharath Institute of Higher Education & Research,5115,18977,9151,9826,1614,294.0,748.0,63.0,2400000,2659263124,4566074992,211.0,29856730.0,49.85,90.0,2025
IR-O-U-0447,Overall,Bharathiar University,1729,3190,1324,1866,226,520.0,179.0,129.0,675000,198363517,956666838,105.0,271129694.0,51.96,76.0,2025
IR-O-U-0448,Overall,Bharathidasan University,1425,3083,1545,1538,292,409.0,132.0,191.0,250560,130164584,916765637,73.0,440294426.0,53.82,61.0,2025
IR-O-U-0456,Overall,Indian Institute of Technology Madras,2387,7512,5925,1587,686,2469.0,242.0,412.0,1200000,6162004087,16896680625,801.0,9694717158.0,87.31,1.0,2025
IR-O-U-0458,Overall,Kalasalingam Academy of Research and Education,3426,9937,4292,5645,709,582.0,236.0,128.0,575000,361975193,2073571107,28.0,25410374.0,55.68,48.0,2025
IR-O-U-0467,Overall,National Institute of Technology Tiruchirappalli,2068,6389,4855,1534,355,674.0,184.0,143.0,1200000,801270970,3599747973,36.0,95028755.0,60.05,30.0,2025
IR-O-U-0470,Overall,Periyar University,1414,2245,848,1397,206,324.0,198.0,109.0,144000,37130206,457827738,11.0,24639447.0,,,2024
IR-O-U-0473,Overall,S.R.M. Institute of Science and Technology,22757,60645,34399,26246,4466,1760.0,881.0,360.0,690000,3024239669,16918498520,127.0,203093412.0,62.87,22.0,2025
IR-O-U-0474,Overall,Sathyabama Institute of Science and Technology,5332,16642,8134,8529,1407,552.0,362.0,67.0,1100000,971242328,2021376688,176.0,59341089.0,49.79,93.0,2025
IR-O-U-0476,Overall,Shanmugha Arts Science Technology & Research Academy,3575,11847,5759,6088,847,686.0,127.0,138.0,550000,858270364,3161550617,84.0,290180703.0,55.32,51.0,2025
IR-O-U-0485,Overall,Tamil Nadu Agricultural University,2893,9239,3062,6177,934,531.0,0.0,219.0,620000,478534038,8475365297,520.0,774455514.0,50.03,88.0,2025
IR-O-U-0490,Overall,Vellore Institute of Technology,13660,54253,38062,16202,3352,4516.0,626.0,441.0,800000,1766939930,9439151636,201.0,202868433.0,62.88,21.0,2025
IR-P-C-35006,Pharmacy,JSS College of Pharmacy,230,834,339,495,70,114.0,52.0,42.0,820000,83658814,312092135,36.0,88718303.0,76.14,4.0,2025
IR-P-C-45540,Pharmacy,PSG College of Pharmacy,187,681,380,301,50,7.0,5.0,0.0,550000,2171445,69265530,4.0,1441000.0,46.96,65.0,2025
IR-P-C-45585,Pharmacy,Nandha College of Pharmacy,193,682,411,271,51,0.0,6.0,0.0,498000,8903635,62197040,6.0,3203500.0,44.2,77.0,2024
IR-P-C-45757,Pharmacy,Arulmigu Kalasalingam College of Pharmacy,127,455,210,307,55,11.0,0.0,0.0,300000,18524151,78649354,2.0,5600000.0,42.15,96.0,2024
IR-P-I-1243,Pharmacy,"College of Pharmacy, Madras Medical College",100,326,144,182,28,0.0,0.0,0.0,564000,2866774,51945313,6.0,54000.0,42.34,94.0,2024
IR-P-I-1486,Pharmacy,Sri Ramachandra Institute of Higher Education and Research,236,778,388,390,65,21.0,50.0,0.0,800000,66793250,151179039,25.0,20506500.0,55.99,36.0,2025
IR-P-U-0436,Pharmacy,Amrita Vishwa Vidyapeetham,160,529,138,405,49,69.0,3.0,22.0,600000,8971239,54147060,18.0,1775649.0,68.39,14.0,2025
IR-P-U-0443,Pharmacy,Annamalai University,206,522,232,344,39,2.0,145.0,7.0,1135600,1692814,134314368,0.0,,54.68,42.0,2025
IR-P-U-0445,Pharmacy,B. S. Abdur Rahman Crescent Institute of Science and Technology,69,225,144,81,14,2.0,24.0,0.0,300000,3534655,24592698,0.0,10000.0,,,2024
IR-P-U-0473,Pharmacy,S.R.M. Institute of Science and Technology,229,772,421,351,62,50.0,61.0,4.0,650000,21615576,144150783,1.0,13257770.0,70.84,10.0,2024
IR-P-U-0491,Pharmacy,Vels Institute of Science Technology and Advanced Studies (VISTAS),185,673,406,267,60,34.0,90.0,6.0,590000,20802529,75015949,6.0,4460000.0,49.03,61.0,2025
IR-P-U-0492,Pharmacy,Vinayaka Mission's Research Foundation,185,632,465,180,63,5.0,94.0,1.0,480000,6055879,55508234,0.0,356455.0,41.55,99.0,2025
IR-R-I-1441,Research,Saveetha Institute of Medical and Technical Sciences,4954,13987,6546,7441,1129,658.0,849.0,127.0,1560000,577966740,5435031643,59.0,31051289.0,60.96,13.0,2025
IR-R-U-0436,Research,Amrita Vishwa Vidyapeetham,10007,26517,15669,10904,2104,1073.0,1236.0,243.0,600000,3327920284,10721614463,151.0,981189360.0,52.48,31.0,2025
IR-R-U-0439,Research,Anna University,4257,11940,7096,4844,856,1157.0,652.0,148.0,750000,335808614,3886790974,98.0,224679428.0,55.09,26.0,2025
IR-R-U-0447,Research,Bharathiar University,1672,3175,1337,1838,272,378.0,128.0,157.0,670000,93310373,1384606330,110.0,136859509.0,,,2024
IR-R-U-0448,Research,Bharathidasan University,1230,3115,1463,1652,286,543.0,297.0,194.0,264000,46552014,1099354086,60.0,348595849.0,,,2024
IR-R-U-0456,Research,Indian Institute of Technology Madras,2387,7512,5925,1587,686,2469.0,242.0,412.0,1200000,6130860320,16896680625,801.0,9694717158.0,82.99,2.0,2025
IR-R-U-0467,Research,National Institute of Technology Tiruchirappalli,2068,6389,4855,1534,355,674.0,184.0,143.0,1200000,800551970,3599747973,36.0,95028755.0,51.4,33.0,2025
IR-R-U-0473,Research,S.R.M. Institute of Science and Technology,22757,60645,34399,26246,4466,1760.0,881.0,360.0,690000,2921827669,16918498520,127.0,203093412.0,55.41,25.0,2025
IR-R-U-0490,Research,Vellore Institute of Technology,13660,54253,38062,16202,3352,4516.0,626.0,441.0,800000,1758311863,9439151636,201.0,202868433.0,60.39,14.0,2025
IR-O-I-1357,StatePublicUniversity,University of Madras,1810,3384,1395,1989,340,1022.0,464.0,398.0,480000,442100000,1763876124,88.0,235105776.0,61.43,18.0,2025
IR-O-U-0435,StatePublicUniversity,Alagappa University,1931,4051,1570,2481,382,731.0,725.0,80.0,120000,22649389,1171642255,41.0,166816254.0,62.82,14.0,2025
IR-O-U-0439,StatePublicUniversity,Anna University,4257,11940,7096,4844,856,1157.0,652.0,148.0,750000,335808614,3886790974,98.0,224679428.0,76.06,2.0,2025
IR-O-U-0443,StatePublicUniversity,Annamalai University,4899,11257,6339,4933,1183,1754.0,2998.0,317.0,1125200,40281469,6980242946,39.0,175222119.0,53.89,34.0,2025
IR-O-U-0447,StatePublicUniversity,Bharathiar University,1729,3190,1324,1866,226,520.0,179.0,129.0,675000,152510295,956666838,105.0,271129694.0,64.09,10.0,2025
IR-O-U-0448,StatePublicUniversity,Bharathidasan University,1425,3083,1545,1538,292,409.0,132.0,191.0,250560,123130069,916765637,73.0,440294426.0,62.45,16.0,2025
IR-O-U-0464,StatePublicUniversity,"Manonmaniam Sundaranar University, Tirunelveli",1363,2670,971,1699,194,353.0,129.0,352.0,240000,19825658,1061560655,9.0,14547703.0,54.14,33.0,2025
IR-O-U-0470,StatePublicUniversity,Periyar University,1213,2077,735,1342,213,272.0,260.0,65.0,250000,30335903,501403246,9.0,2947986.0,52.96,40.0,2025
IR-O-U-0485,StatePublicUniversity,Tamil Nadu Agricultural University,2893,9239,3062,6177,934,531.0,0.0,219.0,620000,464463243,8475365297,520.0,774455514.0,52.08,42.0,2025
IR-O-I-1357,University,University of Madras,1810,3384,1395,1989,340,1022.0,464.0,398.0,480000,520901000,1763876124,88.0,235105776.0,55.23,38.0,2025
IR-O-I-1441,University,Saveetha Institute of Medical and Technical Sciences,4954,13987,6546,7441,1129,658.0,849.0,127.0,1560000,714746416,5435031643,59.0,31051289.0,65.04,13.0,2025
IR-O-I-1486,University,Sri Ramachandra Institute of Higher Education and Research,2671,8949,3473,5476,662,250.0,344.0,18.0,820000,452214458,6752198055,284.0,757589218.0,51.35,60.0,2025
IR-O-U-0435,University,Alagappa University,1931,4051,1570,2481,382,731.0,725.0,80.0,120000,31376181,1171642255,41.0,166816254.0,54.45,44.0,2025
IR-O-U-0436,University,Amrita Vishwa Vidyapeetham,10007,26517,15669,10904,2104,1073.0,1236.0,243.0,600000,3589211123,10721614463,151.0,981189360.0,67.05,8.0,2025
IR-O-U-0439,University,Anna University,4257,11940,7096,4844,856,1157.0,652.0,148.0,750000,338446534,3886790974,98.0,224679428.0,61.22,20.0,2025
IR-O-U-0444,University,Avinashilingam Institute for Home Science & Higher Education for Women,2050,4701,6725,6725,486,371.0,353.0,53.0,350000,113410628,1162284393,18.0,102819000.0,47.09,99.0,2025
IR-O-U-0446,University,Bharath Institute of Higher Education & Research,5115,18977,9151,9826,1614,294.0,748.0,63.0,2400000,2659263124,4566074992,211.0,29856730.0,49.59,76.0,2025
IR-O-U-0447,University,Bharathiar University,1729,3190,1324,1866,226,520.0,179.0,129.0,675000,198363517,956666838,105.0,271129694.0,54.42,46.0,2025
IR-O-U-0448,University,Bharathidasan University,1425,3083,1545,1538,292,409.0,132.0,191.0,250560,130164584,916765637,73.0,440294426.0,55.85,36.0,2025
IR-O-U-0449,University,Central University of Tamil Nadu,860,1811,737,1074,177,284.0,55.0,55.0,496000,79216862,702453203,89.0,91525408.0,49.13,83.0,2025
IR-O-U-0451,University,Chettinad Academy of Research and Education,861,3001,1314,1687,275,216.0,495.0,18.0,1850000,1191619682,2847268554,41.0,27205575.0,51.06,61.0,2025
IR-O-U-0458,University,Kalasalingam Academy of Research and Education,3426,9937,4292,5645,709,582.0,236.0,128.0,575000,361975193,2073571107,28.0,25410374.0,58.37,28.0,2025
IR-O-U-0463,University,Madurai Kamaraj University,983,1878,972,994,183,342.0,811.0,55.0,266066,80669360,758475093,78.0,172409523.0,49.07,85.0,2025
IR-O-U-0464,University,"Manonmaniam Sundaranar University, Tirunelveli",1138,2397,844,1553,228,296.0,135.0,57.0,240000,36241547,1129140001,8.0,54725809.0,,,2024
IR-O-U-0470,University,Periyar University,1213,2077,735,1342,213,272.0,260.0,65.0,250000,42062038,501403246,9.0,2947986.0,47.98,94.0,2025
IR-O-U-0473,University,S.R.M. Institute of Science and Technology,22757,60645,34399,26246,4466,1760.0,881.0,360.0,690000,3024239669,16918498520,127.0,203093412.0,65.26,11.0,2025
IR-O-U-0474,University,Sathyabama Institute of Science and Technology,5332,16642,8134,8529,1407,552.0,362.0,67.0,1100000,971242328,2021376688,176.0,59341089.0,52.52,53.0,2025
IR-O-U-0476,University,Shanmugha Arts Science Technology & Research Academy,3575,11847,5759,6088,847,686.0,127.0,138.0,550000,858270364,3161550617,84.0,290180703.0,58.06,29.0,2025
IR-O-U-0485,University,Tamil Nadu Agricultural University,2893,9239,3062,6177,934,531.0,0.0,219.0,620000,478534038,8475365297,520.0,774455514.0,49.8,73.0,2025
IR-O-U-0489,University,Vel Tech Rangarajan Dr. Sagunthala R & D Institute of Science and Technology,3450,11119,8813,2306,737,149.0,362.0,8.0,500000,58869603,884053375,20.0,9107567.0,,,2024
IR-O-U-0490,University,Vellore Institute of Technology,13660,54253,38062,16202,3352,4516.0,626.0,441.0,800000,1766939930,9439151636,201.0,202868433.0,64.64,14.0,2025
